{
    "yaw_offset": -30,
    "waypoints" : [
        [44.746900, -93.193607],
        [44.746922, -93.193533]
    ],
    "speed": 20,
    "last_location":[44.746804, -93.193456]
}